model_family,mean_fit_time,std_fit_time,mean_score_time,std_score_time,param_model__C,param_model__class_weight,params,split0_test_accuracy,split1_test_accuracy,split2_test_accuracy,split3_test_accuracy,split4_test_accuracy,mean_test_accuracy,std_test_accuracy,rank_test_accuracy,split0_test_precision,split1_test_precision,split2_test_precision,split3_test_precision,split4_test_precision,mean_test_precision,std_test_precision,rank_test_precision,split0_test_recall,split1_test_recall,split2_test_recall,split3_test_recall,split4_test_recall,mean_test_recall,std_test_recall,rank_test_recall,split0_test_f1,split1_test_f1,split2_test_f1,split3_test_f1,split4_test_f1,mean_test_f1,std_test_f1,rank_test_f1,split0_test_roc_auc,split1_test_roc_auc,split2_test_roc_auc,split3_test_roc_auc,split4_test_roc_auc,mean_test_roc_auc,std_test_roc_auc,rank_test_roc_auc,param_model__max_depth,param_model__min_samples_leaf,param_model__n_estimators,param_model__learning_rate,param_model__subsample
logistic_regression,0.0068603515625,0.005300225664921938,0.008022499084472657,0.001989593693829532,0.1,,"{'model__C': 0.1, 'model__class_weight': None}",0.875,0.75,0.723404255319149,0.8723404255319149,0.8085106382978723,0.8058510638297871,0.06184868873935588,5,0.8333333333333334,0.7272727272727273,0.6956521739130435,0.9,0.9285714285714286,0.8169659326181066,0.09206544847598286,3,0.9090909090909091,0.7272727272727273,0.7272727272727273,0.8181818181818182,0.6190476190476191,0.7601731601731602,0.097593847833502,5,0.8695652173913043,0.7272727272727273,0.7111111111111111,0.8571428571428571,0.7428571428571429,0.7815898111550286,0.06762506519820614,5,0.9335664335664337,0.8653846153846154,0.7709090909090909,0.9563636363636364,0.8351648351648352,0.8722777222777223,0.0671226158863582,1,,,,,
logistic_regression,0.00420231819152832,0.00043991303013357424,0.007198333740234375,0.00039995687006792003,0.1,balanced,"{'model__C': 0.1, 'model__class_weight': 'balanced'}",0.875,0.75,0.723404255319149,0.8723404255319149,0.8085106382978723,0.8058510638297871,0.06184868873935588,5,0.8333333333333334,0.7272727272727273,0.6956521739130435,0.9,0.9285714285714286,0.8169659326181066,0.09206544847598286,3,0.9090909090909091,0.7272727272727273,0.7272727272727273,0.8181818181818182,0.6190476190476191,0.7601731601731602,0.097593847833502,5,0.8695652173913043,0.7272727272727273,0.7111111111111111,0.8571428571428571,0.7428571428571429,0.7815898111550286,0.06762506519820614,5,0.9335664335664337,0.8653846153846154,0.7709090909090909,0.9563636363636364,0.8351648351648352,0.8722777222777223,0.0671226158863582,1,,,,,
logistic_regression,0.004883956909179687,0.0004885649741533947,0.0074255943298339845,0.0004825900279065332,1.0,,"{'model__C': 1.0, 'model__class_weight': None}",0.8958333333333334,0.7916666666666666,0.6808510638297872,0.8936170212765957,0.8297872340425532,0.8183510638297872,0.07926860599114817,1,0.8695652173913043,0.7727272727272727,0.64,0.9473684210526315,0.9333333333333333,0.8325988489009084,0.11433715553274376,1,0.9090909090909091,0.7727272727272727,0.7272727272727273,0.8181818181818182,0.6666666666666666,0.7787878787878788,0.0822100604015184,1,0.8888888888888888,0.7727272727272727,0.6808510638297872,0.8780487804878049,0.7777777777777778,0.7996587567423062,0.07671552942215806,1,0.9178321678321678,0.8601398601398601,0.7581818181818182,0.9545454545454545,0.8278388278388279,0.8637076257076257,0.06872550163343298,5,,,,,
logistic_regression,0.0048159599304199215,0.0004157472769132991,0.007797622680664062,0.0007546889154524159,1.0,balanced,"{'model__C': 1.0, 'model__class_weight': 'balanced'}",0.8958333333333334,0.7916666666666666,0.6808510638297872,0.8936170212765957,0.8297872340425532,0.8183510638297872,0.07926860599114817,1,0.8695652173913043,0.7727272727272727,0.64,0.9473684210526315,0.9333333333333333,0.8325988489009084,0.11433715553274376,1,0.9090909090909091,0.7727272727272727,0.7272727272727273,0.8181818181818182,0.6666666666666666,0.7787878787878788,0.0822100604015184,1,0.8888888888888888,0.7727272727272727,0.6808510638297872,0.8780487804878049,0.7777777777777778,0.7996587567423062,0.07671552942215806,1,0.9178321678321678,0.8601398601398601,0.7581818181818182,0.9545454545454545,0.8278388278388279,0.8637076257076257,0.06872550163343298,5,,,,,
logistic_regression,0.0046175956726074215,0.00046589371064968146,0.007389497756958008,0.0005045076487298557,10.0,,"{'model__C': 10.0, 'model__class_weight': None}",0.8958333333333334,0.7916666666666666,0.6808510638297872,0.8723404255319149,0.8085106382978723,0.8098404255319149,0.0751948661410413,3,0.8695652173913043,0.7727272727272727,0.64,0.9,0.875,0.8114584980237154,0.09607459106214769,5,0.9090909090909091,0.7727272727272727,0.7272727272727273,0.8181818181818182,0.6666666666666666,0.7787878787878788,0.0822100604015184,1,0.8888888888888888,0.7727272727272727,0.6808510638297872,0.8571428571428571,0.7567567567567568,0.7912733678691126,0.07429134388095468,3,0.9195804195804196,0.8636363636363636,0.76,0.9545454545454546,0.8296703296703297,0.8654865134865135,0.06822209651454482,3,,,,,
logistic_regression,0.005244588851928711,0.0007642797766705854,0.0071318626403808595,0.0004550474114472292,10.0,balanced,"{'model__C': 10.0, 'model__class_weight': 'balanced'}",0.8958333333333334,0.7916666666666666,0.6808510638297872,0.8723404255319149,0.8085106382978723,0.8098404255319149,0.0751948661410413,3,0.8695652173913043,0.7727272727272727,0.64,0.9,0.875,0.8114584980237154,0.09607459106214769,5,0.9090909090909091,0.7727272727272727,0.7272727272727273,0.8181818181818182,0.6666666666666666,0.7787878787878788,0.0822100604015184,1,0.8888888888888888,0.7727272727272727,0.6808510638297872,0.8571428571428571,0.7567567567567568,0.7912733678691126,0.07429134388095468,3,0.9195804195804196,0.8636363636363636,0.76,0.9545454545454546,0.8296703296703297,0.8654865134865135,0.06822209651454482,3,,,,,
random_forest,0.18410787582397461,0.017417862570467485,0.027730846405029298,0.001912640577205111,,,"{'model__max_depth': None, 'model__min_samples_leaf': 1, 'model__n_estimators': 200}",0.8333333333333334,0.8125,0.7021276595744681,0.9361702127659575,0.7872340425531915,0.8142730496453903,0.07554211132188896,9,0.7692307692307693,0.8823529411764706,0.6666666666666666,0.9523809523809523,0.9230769230769231,0.8387416505063564,0.10617893998637279,6,0.9090909090909091,0.6818181818181818,0.7272727272727273,0.9090909090909091,0.5714285714285714,0.7597402597402597,0.13205946824816792,11,0.8333333333333334,0.7692307692307693,0.6956521739130435,0.9302325581395349,0.7058823529411765,0.7868662375115715,0.08706606409418005,10,0.9466783216783217,0.8837412587412588,0.7754545454545455,0.9700000000000001,0.8736263736263736,0.8899000999001,0.06788270897351296,6,,1.0,200.0,,
random_forest,0.35726232528686525,0.005725861227885598,0.04576320648193359,0.0017418585270453546,,,"{'model__max_depth': None, 'model__min_samples_leaf': 1, 'model__n_estimators': 400}",0.8333333333333334,0.8333333333333334,0.7021276595744681,0.9361702127659575,0.7872340425531915,0.8184397163120568,0.0759030935713527,8,0.7692307692307693,0.9375,0.6666666666666666,0.9523809523809523,0.9230769230769231,0.8497710622710622,0.1127943826478669,3,0.9090909090909091,0.6818181818181818,0.7272727272727273,0.9090909090909091,0.5714285714285714,0.7597402597402597,0.13205946824816792,11,0.8333333333333334,0.7894736842105263,0.6956521739130435,0.9302325581395349,0.7058823529411765,0.7909148205075229,0.08662139631717851,8,0.9458041958041958,0.8854895104895104,0.7745454545454545,0.9672727272727273,0.8608058608058609,0.8867835497835497,0.06817015363716077,11,,1.0,400.0,,
random_forest,0.1765592575073242,0.006696614639319045,0.02681393623352051,0.0014465266154763958,,,"{'model__max_depth': None, 'model__min_samples_leaf': 3, 'model__n_estimators': 200}",0.8333333333333334,0.8125,0.6808510638297872,0.9574468085106383,0.8085106382978723,0.8185283687943263,0.08787406480314265,4,0.7692307692307693,0.9333333333333333,0.64,0.9545454545454546,0.9285714285714286,0.8451361971361973,0.12210901002455046,4,0.9090909090909091,0.6363636363636364,0.7272727272727273,0.9545454545454546,0.6190476190476191,0.7692640692640692,0.1384713086893725,6,0.8333333333333334,0.7567567567567568,0.6808510638297872,0.9545454545454546,0.7428571428571429,0.793668750264495,0.0939433214388786,6,0.9458041958041958,0.881118881118881,0.7854545454545455,0.9654545454545456,0.8589743589743589,0.8873613053613052,0.06441102373332058,8,,3.0,200.0,,
random_forest,0.4090596675872803,0.0777573238216377,0.0540924072265625,0.007829340889955523,,,"{'model__max_depth': None, 'model__min_samples_leaf': 3, 'model__n_estimators': 400}",0.8541666666666666,0.8125,0.6808510638297872,0.9574468085106383,0.8085106382978723,0.822695035460993,0.08896443342124472,1,0.8,0.9333333333333333,0.64,0.9545454545454546,0.9285714285714286,0.8512900432900434,0.11886071246620081,1,0.9090909090909091,0.6363636363636364,0.7272727272727273,0.9545454545454546,0.6190476190476191,0.7692640692640692,0.1384713086893725,6,0.851063829787234,0.7567567567567568,0.6808510638297872,0.9545454545454546,0.7428571428571429,0.7972148495552751,0.09569198515794176,1,0.951048951048951,0.8811188811188811,0.7872727272727273,0.9672727272727273,0.8681318681318682,0.890969030969031,0.06450323360144643,3,,3.0,400.0,,
random_forest,0.22546186447143554,0.024973663889139453,0.032266092300415036,0.005210211829359096,,,"{'model__max_depth': 4, 'model__min_samples_leaf': 1, 'model__n_estimators': 200}",0.8541666666666666,0.7916666666666666,0.7021276595744681,0.9148936170212766,0.8085106382978723,0.81427304964539,0.07047955974346544,10,0.8,0.8333333333333334,0.6666666666666666,0.95,0.9285714285714286,0.8357142857142857,0.10153024191183502,9,0.9090909090909091,0.6818181818181818,0.7272727272727273,0.8636363636363636,0.6190476190476191,0.7601731601731603,0.10956230181008407,10,0.851063829787234,0.75,0.6956521739130435,0.9047619047619048,0.7428571428571429,0.788867010263865,0.07696314576611366,9,0.958041958041958,0.8881118881118881,0.7872727272727272,0.9581818181818182,0.8608058608058609,0.8904828504828505,0.06432115974326089,5,4,1.0,200.0,,
random_forest,0.3334048271179199,0.0145319944331495,0.045847177505493164,0.0007191934910315186,,,"{'model__max_depth': 4, 'model__min_samples_leaf': 1, 'model__n_estimators': 400}",0.8541666666666666,0.7916666666666666,0.7021276595744681,0.9361702127659575,0.8085106382978723,0.8185283687943261,0.07678635660150045,6,0.8,0.8333333333333334,0.6666666666666666,0.9523809523809523,0.9285714285714286,0.8361904761904763,0.1020692930786197,7,0.9090909090909091,0.6818181818181818,0.7272727272727273,0.9090909090909091,0.6190476190476191,0.7692640692640693,0.11922929859810914,2,0.851063829787234,0.75,0.6956521739130435,0.9302325581395349,0.7428571428571429,0.793961140939391,0.08489931654596537,4,0.9615384615384616,0.8881118881118881,0.7909090909090909,0.9563636363636364,0.8717948717948718,0.8937435897435897,0.06261918446256444,1,4,1.0,400.0,,
random_forest,0.17432570457458496,0.0031866950223796166,0.02955784797668457,0.0019394417648252685,,,"{'model__max_depth': 4, 'model__min_samples_leaf': 3, 'model__n_estimators': 200}",0.8541666666666666,0.7708333333333334,0.6808510638297872,0.9148936170212766,0.8085106382978723,0.8058510638297871,0.07884540654912424,12,0.8,0.7894736842105263,0.64,0.9090909090909091,0.9285714285714286,0.8134272043745728,0.10318991513582705,12,0.9090909090909091,0.6818181818181818,0.7272727272727273,0.9090909090909091,0.6190476190476191,0.7692640692640693,0.11922929859810914,2,0.851063829787234,0.7317073170731707,0.6808510638297872,0.9090909090909091,0.7428571428571429,0.7831140525276489,0.08391463603318844,12,0.9597902097902098,0.8793706293706294,0.7945454545454546,0.9618181818181819,0.8424908424908425,0.8876030636030636,0.06554612409123287,7,4,3.0,200.0,,
random_forest,0.3328729152679443,0.010218835621708885,0.04568262100219726,0.0013245105185493095,,,"{'model__max_depth': 4, 'model__min_samples_leaf': 3, 'model__n_estimators': 400}",0.8541666666666666,0.7916666666666666,0.7021276595744681,0.9361702127659575,0.8085106382978723,0.8185283687943261,0.07678635660150045,6,0.8,0.8333333333333334,0.6666666666666666,0.9523809523809523,0.9285714285714286,0.8361904761904763,0.1020692930786197,7,0.9090909090909091,0.6818181818181818,0.7272727272727273,0.9090909090909091,0.6190476190476191,0.7692640692640693,0.11922929859810914,2,0.851063829787234,0.75,0.6956521739130435,0.9302325581395349,0.7428571428571429,0.793961140939391,0.08489931654596537,4,0.9597902097902098,0.8846153846153846,0.7872727272727272,0.9672727272727273,0.8571428571428572,0.8912187812187813,0.06707577670961243,2,4,3.0,400.0,,
random_forest,0.16936039924621582,0.006705318619912368,0.027399778366088867,0.002707026121037767,,,"{'model__max_depth': 8, 'model__min_samples_leaf': 1, 'model__n_estimators': 200}",0.8333333333333334,0.7916666666666666,0.7021276595744681,0.9574468085106383,0.8085106382978723,0.8186170212765956,0.08232680200795305,3,0.7692307692307693,0.8333333333333334,0.6666666666666666,0.9545454545454546,0.9285714285714286,0.8304695304695304,0.10545954938402684,10,0.9090909090909091,0.6818181818181818,0.7272727272727273,0.9545454545454546,0.6190476190476191,0.7783549783549784,0.13072302909305453,1,0.8333333333333334,0.75,0.6956521739130435,0.9545454545454546,0.7428571428571429,0.7952776209297949,0.09114568475016405,3,0.9440559440559441,0.8793706293706294,0.7727272727272727,0.9618181818181819,0.8772893772893773,0.8870522810522811,0.06642873941921054,10,8,1.0,200.0,,
random_forest,0.3496082782745361,0.00600886063022651,0.048584604263305665,0.0057211553687286235,,,"{'model__max_depth': 8, 'model__min_samples_leaf': 1, 'model__n_estimators': 400}",0.8333333333333334,0.7708333333333334,0.7021276595744681,0.9361702127659575,0.8085106382978723,0.8101950354609929,0.07698813498797796,11,0.7692307692307693,0.7894736842105263,0.6666666666666666,0.9523809523809523,0.9285714285714286,0.8212647002120687,0.10613666301696692,11,0.9090909090909091,0.6818181818181818,0.7272727272727273,0.9090909090909091,0.6190476190476191,0.7692640692640693,0.11922929859810914,2,0.8333333333333334,0.7317073170731707,0.6956521739130435,0.9302325581395349,0.7428571428571429,0.786756505063245,0.08486736120894335,11,0.9353146853146853,0.8811188811188811,0.769090909090909,0.9745454545454546,0.8534798534798534,0.8827099567099566,0.07066432561414468,12,8,1.0,400.0,,
random_forest,0.17307186126708984,0.009935406199945566,0.026221656799316408,0.0014650993803982694,,,"{'model__max_depth': 8, 'model__min_samples_leaf': 3, 'model__n_estimators': 200}",0.8333333333333334,0.8125,0.6808510638297872,0.9574468085106383,0.8085106382978723,0.8185283687943263,0.08787406480314265,4,0.7692307692307693,0.9333333333333333,0.64,0.9545454545454546,0.9285714285714286,0.8451361971361973,0.12210901002455046,4,0.9090909090909091,0.6363636363636364,0.7272727272727273,0.9545454545454546,0.6190476190476191,0.7692640692640692,0.1384713086893725,6,0.8333333333333334,0.7567567567567568,0.6808510638297872,0.9545454545454546,0.7428571428571429,0.793668750264495,0.0939433214388786,6,0.9475524475524475,0.881118881118881,0.7836363636363637,0.9672727272727273,0.8571428571428572,0.8873446553446553,0.06590871501259948,9,8,3.0,200.0,,
random_forest,0.3431121826171875,0.012748269846056762,0.04425568580627441,0.0013025266688803856,,,"{'model__max_depth': 8, 'model__min_samples_leaf': 3, 'model__n_estimators': 400}",0.8541666666666666,0.8125,0.6808510638297872,0.9574468085106383,0.8085106382978723,0.822695035460993,0.08896443342124472,1,0.8,0.9333333333333333,0.64,0.9545454545454546,0.9285714285714286,0.8512900432900434,0.11886071246620081,1,0.9090909090909091,0.6363636363636364,0.7272727272727273,0.9545454545454546,0.6190476190476191,0.7692640692640692,0.1384713086893725,6,0.851063829787234,0.7567567567567568,0.6808510638297872,0.9545454545454546,0.7428571428571429,0.7972148495552751,0.09569198515794176,1,0.9493006993006994,0.8828671328671329,0.7890909090909091,0.969090909090909,0.8644688644688645,0.8909637029637029,0.06426921895357167,4,8,3.0,400.0,,
xgboost,0.019500017166137695,0.010737670654002416,0.009362125396728515,0.00045507667119914174,,,"{'model__learning_rate': 0.03, 'model__max_depth': 2, 'model__n_estimators': 100, 'model__subsample': 0.8}",0.8541666666666666,0.7916666666666666,0.6808510638297872,0.8936170212765957,0.8085106382978723,0.8057624113475177,0.07193120592199945,3,0.8,0.8333333333333334,0.64,0.9473684210526315,0.9285714285714286,0.8298546365914786,0.11000243474533504,2,0.9090909090909091,0.6818181818181818,0.7272727272727273,0.8181818181818182,0.6190476190476191,0.7510822510822511,0.10224151474056034,11,0.851063829787234,0.75,0.6808510638297872,0.8780487804878049,0.7428571428571429,0.7805641633923938,0.07317396154087566,5,0.9562937062937064,0.8636363636363636,0.8,0.9618181818181818,0.8608058608058609,0.8885108225108226,0.06194991133400445,4,2,,100.0,0.03,0.8
xgboost,0.013216447830200196,0.0006879341993151006,0.008844470977783203,0.00040559294976132837,,,"{'model__learning_rate': 0.03, 'model__max_depth': 2, 'model__n_estimators': 100, 'model__subsample': 1.0}",0.8125,0.7916666666666666,0.6808510638297872,0.8936170212765957,0.8085106382978723,0.7974290780141844,0.06815525346235889,6,0.7407407407407407,0.8333333333333334,0.64,0.9047619047619048,0.9285714285714286,0.8094814814814815,0.10703172183786376,8,0.9090909090909091,0.6818181818181818,0.7272727272727273,0.8636363636363636,0.6190476190476191,0.7601731601731603,0.10956230181008407,6,0.8163265306122449,0.75,0.6808510638297872,0.8837209302325582,0.7428571428571429,0.7747511335063466,0.06935416148683249,6,0.9440559440559441,0.8758741258741258,0.7618181818181818,0.9581818181818182,0.8534798534798534,0.8786819846819846,0.07056083616105104,13,2,,100.0,0.03,1.0
xgboost,0.022814464569091798,0.0007317779145196766,0.010583782196044922,0.001793633676725414,,,"{'model__learning_rate': 0.03, 'model__max_depth': 2, 'model__n_estimators': 200, 'model__subsample': 0.8}",0.8541666666666666,0.8125,0.6808510638297872,0.8936170212765957,0.8085106382978723,0.8099290780141845,0.07159663603012673,1,0.8,0.8421052631578947,0.64,0.9473684210526315,0.9285714285714286,0.831609022556391,0.11011381876875131,1,0.9090909090909091,0.7272727272727273,0.7272727272727273,0.8181818181818182,0.6190476190476191,0.7601731601731602,0.097593847833502,7,0.851063829787234,0.7804878048780488,0.6808510638297872,0.8780487804878049,0.7428571428571429,0.7866617243680036,0.07162692194338262,2,0.9545454545454546,0.8916083916083917,0.7890909090909091,0.9636363636363636,0.8626373626373626,0.8923036963036962,0.06402474544091859,1,2,,200.0,0.03,0.8
xgboost,0.02093162536621094,0.00017787774744048668,0.009584569931030273,0.0005113604574761148,,,"{'model__learning_rate': 0.03, 'model__max_depth': 2, 'model__n_estimators': 200, 'model__subsample': 1.0}",0.8333333333333334,0.7916666666666666,0.6808510638297872,0.8297872340425532,0.7872340425531915,0.7845744680851063,0.05520423598457198,13,0.7692307692307693,0.8333333333333334,0.64,0.85,0.8666666666666667,0.7918461538461539,0.08278873725596105,11,0.9090909090909091,0.6818181818181818,0.7272727272727273,0.7727272727272727,0.6190476190476191,0.741991341991342,0.0977952643012834,14,0.8333333333333334,0.75,0.6808510638297872,0.8095238095238095,0.7222222222222222,0.7591860857818306,0.05589058560519694,14,0.9527972027972027,0.8881118881118881,0.7854545454545454,0.9490909090909091,0.8681318681318682,0.8887172827172826,0.06138164159131934,3,2,,200.0,0.03,1.0
xgboost,0.01751737594604492,0.0005815745607120362,0.009505271911621094,0.00045499813129405204,,,"{'model__learning_rate': 0.03, 'model__max_depth': 3, 'model__n_estimators': 100, 'model__subsample': 0.8}",0.8541666666666666,0.7916666666666666,0.6595744680851063,0.8723404255319149,0.8085106382978723,0.7972517730496455,0.07482059423624687,7,0.8,0.8333333333333334,0.6153846153846154,0.9444444444444444,0.9285714285714286,0.8243467643467645,0.11800418336040062,3,0.9090909090909091,0.6818181818181818,0.7272727272727273,0.7727272727272727,0.6190476190476191,0.741991341991342,0.0977952643012834,14,0.851063829787234,0.75,0.6666666666666666,0.85,0.7428571428571429,0.7721175278622087,0.0703753328236433,9,0.9545454545454545,0.8653846153846154,0.78,0.9636363636363636,0.8772893772893773,0.8881711621711623,0.06699131824721807,5,3,,100.0,0.03,0.8
xgboost,0.016590261459350587,0.001061706620751181,0.009026622772216797,0.0006385894587306412,,,"{'model__learning_rate': 0.03, 'model__max_depth': 3, 'model__n_estimators': 100, 'model__subsample': 1.0}",0.8541666666666666,0.7708333333333334,0.6595744680851063,0.8723404255319149,0.7872340425531915,0.7888297872340425,0.07520145052496195,12,0.8,0.8235294117647058,0.6153846153846154,0.9,0.9230769230769231,0.8123981900452488,0.10864237374686893,7,0.9090909090909091,0.6363636363636364,0.7272727272727273,0.8181818181818182,0.5714285714285714,0.7324675324675324,0.12144072444219181,16,0.851063829787234,0.717948717948718,0.6666666666666666,0.8571428571428571,0.7058823529411765,0.7597408848973305,0.07891408143375263,13,0.9597902097902098,0.8496503496503497,0.7672727272727272,0.9618181818181818,0.8827838827838828,0.8842630702630704,0.07294671056365563,9,3,,100.0,0.03,1.0
xgboost,0.026973962783813477,0.0010552903175291908,0.009793615341186524,0.0004117070565018457,,,"{'model__learning_rate': 0.03, 'model__max_depth': 3, 'model__n_estimators': 200, 'model__subsample': 0.8}",0.875,0.8125,0.6595744680851063,0.8723404255319149,0.8085106382978723,0.8055851063829786,0.07829454780176026,5,0.8333333333333334,0.8095238095238095,0.6153846153846154,0.9,0.9285714285714286,0.8173626373626373,0.1098252800220505,4,0.9090909090909091,0.7727272727272727,0.7272727272727273,0.8181818181818182,0.6190476190476191,0.7692640692640693,0.09621303424301023,2,0.8695652173913043,0.7906976744186046,0.6666666666666666,0.8571428571428571,0.7428571428571429,0.7853859116953151,0.07505515954244826,3,0.9423076923076923,0.8916083916083917,0.7872727272727273,0.9636363636363636,0.8663003663003662,0.8902251082251083,0.06208914152832868,2,3,,200.0,0.03,0.8
xgboost,0.025613975524902344,0.0007225871321136853,0.009528923034667968,0.0009123111076452623,,,"{'model__learning_rate': 0.03, 'model__max_depth': 3, 'model__n_estimators': 200, 'model__subsample': 1.0}",0.8541666666666666,0.8125,0.6808510638297872,0.851063829787234,0.7659574468085106,0.7929078014184396,0.06450063643872792,11,0.8,0.8421052631578947,0.6296296296296297,0.8571428571428571,0.8571428571428571,0.7972041214146477,0.08636022677750509,10,0.9090909090909091,0.7272727272727273,0.7727272727272727,0.8181818181818182,0.5714285714285714,0.7597402597402597,0.11171850996159256,9,0.851063829787234,0.7804878048780488,0.6938775510204082,0.8372093023255814,0.6857142857142857,0.7696705547451117,0.06942131527196653,11,0.9510489510489512,0.8723776223776224,0.78,0.9454545454545454,0.8717948717948717,0.884135198135198,0.0622449619121281,11,3,,200.0,0.03,1.0
xgboost,0.013136196136474609,0.0008684078598871363,0.008014249801635741,1.1660009240756467e-05,,,"{'model__learning_rate': 0.1, 'model__max_depth': 2, 'model__n_estimators': 100, 'model__subsample': 0.8}",0.875,0.8333333333333334,0.723404255319149,0.8723404255319149,0.7446808510638298,0.8097517730496454,0.0639075570358107,2,0.8333333333333334,0.85,0.68,0.9444444444444444,0.7647058823529411,0.8144967320261438,0.08839706690300375,5,0.9090909090909091,0.7727272727272727,0.7727272727272727,0.7727272727272727,0.6190476190476191,0.7692640692640691,0.09181776340804061,5,0.8695652173913043,0.8095238095238095,0.723404255319149,0.85,0.6842105263157895,0.7873407617100104,0.07197617823615275,1,0.9545454545454546,0.8741258741258742,0.7872727272727272,0.9581818181818181,0.8534798534798534,0.8855211455211455,0.06458045661335651,7,2,,100.0,0.1,0.8
xgboost,0.013627147674560547,0.0015574227089577269,0.009010553359985352,0.0006522738782265928,,,"{'model__learning_rate': 0.1, 'model__max_depth': 2, 'model__n_estimators': 100, 'model__subsample': 1.0}",0.875,0.8333333333333334,0.6808510638297872,0.851063829787234,0.7446808510638298,0.7969858156028369,0.07287643860023052,8,0.8333333333333334,0.8888888888888888,0.64,0.8571428571428571,0.8,0.8038730158730159,0.08695130883626553,9,0.9090909090909091,0.7272727272727273,0.7272727272727273,0.8181818181818182,0.5714285714285714,0.7506493506493506,0.11214043192167743,12,0.8695652173913043,0.8,0.6808510638297872,0.8372093023255814,0.6666666666666666,0.770858450042668,0.08240382120866577,10,0.958041958041958,0.8793706293706294,0.7909090909090909,0.9400000000000001,0.8699633699633699,0.8876570096570097,0.05905204206987423,6,2,,100.0,0.1,1.0
xgboost,0.02259860038757324,0.0019140712497555895,0.009033727645874023,0.0006625031297673558,,,"{'model__learning_rate': 0.1, 'model__max_depth': 2, 'model__n_estimators': 200, 'model__subsample': 0.8}",0.8541666666666666,0.7916666666666666,0.7446808510638298,0.8723404255319149,0.7659574468085106,0.8057624113475177,0.049577587945539084,3,0.8,0.8,0.7083333333333334,0.9444444444444444,0.8125,0.8130555555555556,0.07559231132108737,6,0.9090909090909091,0.7272727272727273,0.7727272727272727,0.7727272727272727,0.6190476190476191,0.7601731601731602,0.09326367381760706,7,0.851063829787234,0.7619047619047619,0.7391304347826086,0.85,0.7027027027027027,0.7809603458354615,0.059863323923182304,4,0.9440559440559442,0.8653846153846154,0.8018181818181819,0.9490909090909091,0.8388278388278388,0.8798354978354979,0.05813387205468562,12,2,,200.0,0.1,0.8
xgboost,0.020858097076416015,0.001837904848342834,0.008983421325683593,0.0006323456987829902,,,"{'model__learning_rate': 0.1, 'model__max_depth': 2, 'model__n_estimators': 200, 'model__subsample': 1.0}",0.8333333333333334,0.7916666666666666,0.7446808510638298,0.8085106382978723,0.723404255319149,0.7803191489361703,0.0406039982490538,14,0.7692307692307693,0.8,0.7083333333333334,0.8095238095238095,0.75,0.7674175824175824,0.03642020485988125,14,0.9090909090909091,0.7272727272727273,0.7727272727272727,0.7727272727272727,0.5714285714285714,0.7506493506493506,0.10839294345384588,12,0.8333333333333334,0.7619047619047619,0.7391304347826086,0.7906976744186046,0.6486486486486487,0.7547429706175915,0.061676954400975044,15,0.9405594405594406,0.8636363636363636,0.8,0.9199999999999999,0.8571428571428571,0.8762677322677321,0.04977552471522312,16,2,,200.0,0.1,1.0
xgboost,0.01513047218322754,0.0002666247836520862,0.008128499984741211,0.0004636383982537927,,,"{'model__learning_rate': 0.1, 'model__max_depth': 3, 'model__n_estimators': 100, 'model__subsample': 0.8}",0.8333333333333334,0.8125,0.6808510638297872,0.8723404255319149,0.7659574468085106,0.7929964539007093,0.0657428542211456,9,0.7692307692307693,0.8421052631578947,0.6296296296296297,0.9,0.8125,0.7906931324036587,0.09107010807678201,12,0.9090909090909091,0.7272727272727273,0.7727272727272727,0.8181818181818182,0.6190476190476191,0.7692640692640693,0.09621303424301023,2,0.8333333333333334,0.7804878048780488,0.6938775510204082,0.8571428571428571,0.7027027027027027,0.77350884981547,0.06629777679579504,7,0.9335664335664335,0.8776223776223777,0.7854545454545455,0.9563636363636364,0.8736263736263736,0.8853266733266734,0.059235157966510264,8,3,,100.0,0.1,0.8
xgboost,0.014998292922973633,0.000635300716517498,0.008810472488403321,0.001160771594160043,,,"{'model__learning_rate': 0.1, 'model__max_depth': 3, 'model__n_estimators': 100, 'model__subsample': 1.0}",0.8125,0.7916666666666666,0.6808510638297872,0.8297872340425532,0.723404255319149,0.7676418439716313,0.056464324209675155,16,0.7407407407407407,0.8,0.6296296296296297,0.7916666666666666,0.7857142857142857,0.7495502645502645,0.06338039121124027,16,0.9090909090909091,0.7272727272727273,0.7727272727272727,0.8636363636363636,0.5238095238095238,0.7593073593073594,0.1341530433348423,10,0.8163265306122449,0.7619047619047619,0.6938775510204082,0.8260869565217391,0.6285714285714286,0.7453534457261165,0.07498910837895993,16,0.9458041958041958,0.8636363636363636,0.7927272727272728,0.9563636363636363,0.8626373626373627,0.8842337662337663,0.06042802654125205,10,3,,100.0,0.1,1.0
xgboost,0.025989723205566407,0.0006303323253979483,0.009597492218017579,0.00046394889160612606,,,"{'model__learning_rate': 0.1, 'model__max_depth': 3, 'model__n_estimators': 200, 'model__subsample': 0.8}",0.8333333333333334,0.8125,0.7021276595744681,0.8723404255319149,0.7446808510638298,0.7929964539007093,0.06147268213900965,9,0.7692307692307693,0.8421052631578947,0.6538461538461539,0.9,0.7647058823529411,0.7859776137175517,0.08287711825166383,13,0.9090909090909091,0.7272727272727273,0.7727272727272727,0.8181818181818182,0.6190476190476191,0.7692640692640693,0.09621303424301023,2,0.8333333333333334,0.7804878048780488,0.7083333333333334,0.8571428571428571,0.6842105263157895,0.7727015710006724,0.06758861125474437,8,0.9230769230769231,0.8653846153846154,0.7945454545454546,0.9490909090909091,0.8534798534798534,0.8771155511155511,0.054418713273463315,15,3,,200.0,0.1,0.8
xgboost,0.024657297134399413,0.0014991076180209217,0.008830451965332031,0.0007702051823604793,,,"{'model__learning_rate': 0.1, 'model__max_depth': 3, 'model__n_estimators': 200, 'model__subsample': 1.0}",0.8125,0.8333333333333334,0.6808510638297872,0.851063829787234,0.723404255319149,0.7802304964539007,0.06630850106142065,15,0.7407407407407407,0.85,0.6296296296296297,0.8260869565217391,0.75,0.759291465378422,0.07737225375220663,15,0.9090909090909091,0.7727272727272727,0.7727272727272727,0.8636363636363636,0.5714285714285714,0.7779220779220779,0.11597046285301728,1,0.8163265306122449,0.8095238095238095,0.6938775510204082,0.8444444444444444,0.6486486486486487,0.7625641968499112,0.0768043958865623,12,0.9353146853146853,0.8653846153846154,0.7945454545454546,0.9527272727272726,0.8424908424908425,0.878092574092574,0.05874317823406143,14,3,,200.0,0.1,1.0
