MDVP_Fo_Hz,MDVP_Fhi_Hz,MDVP_Flo_Hz,MDVP_Jitter_percent,MDVP_Jitter_Abs,MDVP_RAP,MDVP_PPQ,Jitter_DDP,MDVP_Shimmer,MDVP_Shimmer_dB,Shimmer_APQ3,Shimmer_APQ5,MDVP_APQ,Shimmer_DDA,NHR,HNR,RPDE,DFA,spread1,spread2,D2,PPE
122.188,128.611,115.765,0.00524,4e-05,0.00169,0.00203,0.00507,0.01613,0.143,0.00855,0.00776,0.01433,0.02566,0.00839,23.162,0.579597,0.733659,-6.439398,0.266392,2.079922,0.133867
153.848,165.738,65.782,0.0084,5e-05,0.00428,0.0045,0.01285,0.0381,0.328,0.01667,0.02383,0.04055,0.05,0.03871,17.536,0.660125,0.704087,-4.095442,0.262564,2.73971,0.365391
114.238,124.393,77.022,0.00581,5e-05,0.00299,0.00316,0.00896,0.04009,0.406,0.01579,0.01994,0.04114,0.04736,0.02073,20.437,0.653139,0.694571,-5.185987,0.259229,2.151121,0.244948
162.568,198.346,77.63,0.00502,3e-05,0.0028,0.00253,0.00841,0.01791,0.168,0.00793,0.01057,0.01799,0.0238,0.0117,25.678,0.427785,0.723797,-6.635729,0.209866,1.957961,0.135242
119.1,128.442,88.833,0.00692,6e-05,0.00393,0.003,0.01179,0.02682,0.236,0.01484,0.01405,0.02018,0.04451,0.04611,21.824,0.65168,0.659333,-4.239028,0.175691,2.45113,0.247455
206.327,226.355,92.02,0.00495,2e-05,0.00302,0.00246,0.00905,0.02105,0.209,0.01107,0.01284,0.01604,0.0332,0.01048,21.864,0.331508,0.715121,-6.729713,0.181701,2.938114,0.115515
180.198,201.249,175.456,0.00284,2e-05,0.00153,0.00166,0.00459,0.01444,0.131,0.00726,0.00885,0.0119,0.02177,0.00231,26.738,0.403884,0.766209,-6.452058,0.212294,2.269398,0.141929
120.267,137.244,114.82,0.00333,3e-05,0.00155,0.00202,0.00466,0.01608,0.14,0.00779,0.00937,0.01351,0.02337,0.00607,24.886,0.59604,0.764112,-5.634322,0.257682,1.854785,0.211756
110.793,128.101,107.316,0.00494,4e-05,0.0026,0.00283,0.0078,0.02442,0.216,0.01432,0.01325,0.01831,0.04295,0.00479,25.438,0.437031,0.815908,-5.31336,0.201861,2.225815,0.244512
150.258,154.609,75.349,0.00248,2e-05,0.00105,0.00136,0.00315,0.01131,0.107,0.00522,0.00659,0.01009,0.01567,0.00495,26.759,0.296888,0.722356,-6.878393,0.089267,2.004055,0.113942
157.821,172.975,68.401,0.00358,2e-05,0.00196,0.00196,0.00587,0.03716,0.307,0.02062,0.02321,0.02764,0.06185,0.0085,22.219,0.50238,0.71217,-6.251425,0.188056,2.143851,0.160812
122.336,142.369,94.794,0.00727,6e-05,0.00415,0.00339,0.01246,0.02293,0.223,0.01205,0.01289,0.01771,0.03615,0.03191,22.953,0.611679,0.623731,-5.4351,0.230532,2.699645,0.220546
145.174,198.109,80.637,0.00733,5e-05,0.00414,0.00422,0.01242,0.02362,0.233,0.01235,0.01495,0.01944,0.03706,0.01874,18.857,0.637518,0.735546,-5.594275,0.12795,1.765957,0.222716
260.105,264.919,237.303,0.00339,1e-05,0.00205,0.00186,0.00616,0.0203,0.197,0.01186,0.0123,0.01367,0.03557,0.0091,21.083,0.440988,0.628058,-7.517934,0.160414,1.881767,0.075587
116.848,217.552,99.503,0.00531,5e-05,0.0026,0.00346,0.0078,0.01795,0.163,0.0081,0.01144,0.01756,0.02429,0.01179,22.085,0.663842,0.656516,-5.198864,0.206768,2.120412,0.252404
142.729,162.408,65.476,0.00831,6e-05,0.00469,0.00419,0.01407,0.03485,0.365,0.01868,0.01906,0.02949,0.05605,0.02599,20.264,0.489345,0.730387,-5.720868,0.15883,2.277927,0.180828
156.239,195.107,79.82,0.00694,4e-05,0.00403,0.00395,0.01209,0.02343,0.224,0.01289,0.0142,0.0172,0.03867,0.0202,19.196,0.618663,0.728421,-5.944191,0.143359,1.929715,0.181988
183.52,216.814,161.34,0.01466,8e-05,0.00849,0.00819,0.02546,0.0605,0.618,0.02865,0.04101,0.06359,0.08595,0.06057,14.367,0.478024,0.768974,-4.276605,0.355736,3.142364,0.336085
208.519,220.315,199.02,0.00609,3e-05,0.00368,0.00339,0.01105,0.01761,0.155,0.00952,0.01058,0.01307,0.02855,0.0083,22.407,0.338097,0.712466,-6.471427,0.184378,2.502336,0.13639
149.689,160.368,133.608,0.00257,2e-05,0.00116,0.00134,0.00349,0.01346,0.126,0.0066,0.00818,0.01059,0.01979,0.00578,27.421,0.365488,0.719974,-6.997403,0.210279,1.994387,0.112878
171.041,208.313,75.501,0.00455,3e-05,0.0025,0.00234,0.0075,0.01966,0.186,0.00889,0.01169,0.01872,0.02666,0.01095,25.908,0.418622,0.720916,-6.18359,0.226278,2.589702,0.147403
184.055,196.537,166.977,0.00258,1e-05,0.00134,0.00147,0.00403,0.01463,0.132,0.00742,0.00901,0.01234,0.02226,0.00257,26.453,0.306443,0.759203,-7.044105,0.063412,2.361532,0.11573
128.451,150.449,75.632,0.01551,0.00012,0.00905,0.00909,0.02716,0.0617,0.584,0.03223,0.03672,0.05174,0.09669,0.11843,15.06,0.639808,0.643327,-4.20273,0.310163,2.638279,0.356881
252.455,261.487,182.786,0.00185,7e-06,0.00092,0.00113,0.00276,0.01152,0.103,0.00614,0.0073,0.0086,0.01841,0.00432,26.805,0.610367,0.635204,-7.31951,0.200873,2.028612,0.086398
116.15,131.731,109.815,0.00381,3e-05,0.00181,0.00232,0.00542,0.03026,0.267,0.01514,0.01812,0.0277,0.04543,0.01827,18.801,0.624811,0.696049,-5.866357,0.23307,2.445646,0.184985
176.824,215.293,83.961,0.0046,3e-05,0.00209,0.00221,0.00628,0.01169,0.117,0.00534,0.0063,0.01104,0.01603,0.01161,27.166,0.400088,0.656182,-4.711007,0.281618,2.655744,0.234809
119.031,127.533,109.216,0.0044,4e-05,0.00214,0.00192,0.00641,0.01033,0.098,0.00538,0.0057,0.00811,0.01614,0.01724,26.842,0.457541,0.699787,-6.890021,0.152941,2.328513,0.112856
152.845,163.305,75.836,0.00294,2e-05,0.00121,0.00149,0.00364,0.01828,0.158,0.01064,0.00972,0.01246,0.03191,0.00609,24.922,0.474791,0.654027,-6.105098,0.203653,2.125618,0.1701
193.03,208.9,80.297,0.00766,4e-05,0.0045,0.00389,0.01351,0.03044,0.275,0.01771,0.01815,0.02084,0.05312,0.00947,21.934,0.497554,0.740539,-5.845099,0.278679,2.608749,0.185668
142.167,217.455,83.159,0.00369,3e-05,0.00157,0.00203,0.00471,0.01503,0.126,0.00772,0.00888,0.01359,0.02316,0.00839,25.175,0.565924,0.658245,-5.340115,0.210185,2.205546,0.234589
153.88,172.86,78.128,0.0048,3e-05,0.00232,0.00267,0.00696,0.04137,0.37,0.02021,0.02591,0.04525,0.06062,0.01849,19.493,0.629017,0.698951,-5.18696,0.237622,2.557536,0.259765
170.756,450.247,79.032,0.00555,3e-05,0.00244,0.00261,0.00731,0.01725,0.175,0.00757,0.00971,0.01652,0.0227,0.01802,25.69,0.486738,0.676023,-4.597834,0.372114,2.975889,0.28278
223.365,238.987,98.664,0.00264,1e-05,0.00154,0.00151,0.00461,0.01906,0.165,0.01013,0.01296,0.0134,0.03039,0.00301,26.138,0.447979,0.686264,-7.293801,0.086372,2.32156,0.098555
100.77,115.697,85.545,0.01038,0.0001,0.00622,0.00576,0.01865,0.03121,0.361,0.01773,0.01783,0.02139,0.0532,0.0222,19.2,0.594387,0.790117,-4.913885,0.265699,2.398422,0.277948
149.818,163.417,144.786,0.00336,2e-05,0.00174,0.00198,0.00521,0.02145,0.198,0.01155,0.01341,0.01666,0.03464,0.00595,23.008,0.329577,0.75718,-6.27717,0.109397,2.209021,0.156368
95.056,120.103,91.226,0.00532,6e-05,0.00268,0.00332,0.00803,0.02838,0.255,0.01441,0.01725,0.02444,0.04324,0.01022,21.862,0.547037,0.798463,-5.011879,0.325996,2.432792,0.271362
126.512,141.756,99.77,0.01936,0.00015,0.01159,0.0099,0.03476,0.06734,0.659,0.03611,0.03963,0.05783,0.10833,0.16744,12.435,0.638545,0.674953,-3.760348,0.242861,2.634633,0.378483
115.322,135.738,107.802,0.00619,5e-05,0.00352,0.00329,0.01057,0.03273,0.325,0.01644,0.01722,0.02931,0.04933,0.0281,19.388,0.577802,0.684373,-5.283009,0.226528,2.442906,0.238281
112.547,133.374,105.715,0.00355,3e-05,0.00166,0.0019,0.00499,0.01358,0.129,0.00664,0.00786,0.0114,0.01992,0.00435,26.436,0.413295,0.7567,-6.323531,0.218885,2.193412,0.160376
156.405,189.398,142.822,0.00768,5e-05,0.00372,0.00399,0.01116,0.03995,0.348,0.01721,0.02374,0.0431,0.05164,0.03365,17.153,0.649554,0.68608,-4.554466,0.340176,2.856676,0.322111
198.764,396.961,74.904,0.0074,4e-05,0.0037,0.0039,0.01109,0.02296,0.241,0.01265,0.01321,0.01588,0.03794,0.07223,19.02,0.451221,0.643956,-6.744577,0.207454,2.138608,0.123306
143.533,162.215,65.809,0.01101,8e-05,0.00647,0.00467,0.01941,0.05384,0.478,0.03152,0.02422,0.03392,0.09455,0.04882,20.338,0.513237,0.731444,-5.86975,0.151814,2.118496,0.18558
138.145,197.238,81.114,0.00544,4e-05,0.00294,0.00327,0.00883,0.02791,0.246,0.01484,0.01805,0.02259,0.04451,0.01794,18.178,0.623209,0.738245,-5.540351,0.087165,1.821297,0.214075
201.464,210.565,195.708,0.00198,1e-05,0.00105,0.00115,0.00314,0.01194,0.107,0.00586,0.0076,0.00957,0.01758,0.00135,31.732,0.344252,0.742737,-7.777685,0.170183,2.447064,0.05761
179.711,225.93,144.878,0.00709,4e-05,0.00391,0.00419,0.01172,0.04313,0.442,0.02297,0.02768,0.03455,0.06892,0.07223,11.866,0.590951,0.745526,-4.379411,0.375531,3.671155,0.332086
96.106,108.664,84.51,0.00694,7e-05,0.00389,0.00415,0.01168,0.04024,0.364,0.02266,0.02451,0.02876,0.06799,0.01823,19.055,0.544805,0.770466,-4.441519,0.155097,2.645959,0.327978
114.563,119.167,86.647,0.00327,3e-05,0.00146,0.00184,0.00439,0.01185,0.106,0.00557,0.00721,0.01095,0.01672,0.00703,24.775,0.555303,0.659132,-6.710219,0.149694,1.91399,0.121777
209.516,253.017,89.488,0.00564,3e-05,0.00331,0.00292,0.00994,0.02751,0.263,0.01604,0.01657,0.01879,0.04812,0.0181,19.147,0.431674,0.683244,-6.195325,0.129303,2.784312,0.168895
237.323,243.709,229.256,0.00303,1e-05,0.00173,0.00159,0.00519,0.01242,0.116,0.00696,0.00747,0.00882,0.02089,0.00533,24.679,0.384868,0.62671,-7.018057,0.176316,1.852402,0.091604
128.001,138.052,122.08,0.00436,3e-05,0.00137,0.00166,0.00411,0.02297,0.21,0.01323,0.01072,0.01677,0.03969,0.00481,24.692,0.459766,0.766204,-7.072419,0.220434,1.972297,0.119308
117.226,123.925,106.656,0.00417,4e-05,0.00186,0.0027,0.00558,0.01909,0.171,0.00864,0.01223,0.01949,0.02592,0.00955,23.079,0.603515,0.669565,-5.61907,0.191576,2.027228,0.215724
242.852,255.034,227.911,0.00225,9e-06,0.00117,0.00139,0.0035,0.01494,0.134,0.00847,0.00879,0.01014,0.02542,0.00476,25.032,0.431285,0.638928,-6.99582,0.102083,2.3658,0.102706
136.926,159.866,131.276,0.00293,2e-05,0.00118,0.00153,0.00355,0.01259,0.112,0.00656,0.00717,0.0114,0.01968,0.00581,25.703,0.4606,0.646846,-6.547148,0.152813,2.041277,0.138512
163.656,200.841,76.779,0.00742,5e-05,0.0038,0.0039,0.0114,0.01659,0.164,0.00738,0.00948,0.01497,0.02214,0.01778,23.831,0.397937,0.732479,-5.557447,0.22089,2.692176,0.215961
112.15,131.669,97.527,0.00519,5e-05,0.00291,0.00284,0.00873,0.01756,0.155,0.00967,0.01033,0.01363,0.02902,0.01435,21.219,0.557045,0.673086,-5.617124,0.184896,1.871871,0.212386
151.955,163.335,147.226,0.00419,3e-05,0.00224,0.00227,0.00672,0.07959,0.772,0.04421,0.04962,0.0569,0.13262,0.01658,19.664,0.501037,0.71436,-6.411497,0.207156,2.344876,0.13412
202.805,231.508,86.232,0.0037,2e-05,0.00189,0.00211,0.00568,0.01997,0.18,0.01117,0.01177,0.01506,0.0335,0.0201,18.687,0.536102,0.632631,-5.898673,0.213353,2.470746,0.189032
125.791,140.557,96.206,0.01378,0.00011,0.00826,0.00655,0.02478,0.04689,0.422,0.02542,0.0263,0.03908,0.07625,0.10323,15.433,0.57101,0.690892,-5.159169,0.202146,2.441612,0.260375
203.184,211.526,196.16,0.00178,9e-06,0.00094,0.00106,0.00283,0.00958,0.085,0.00468,0.0061,0.00726,0.01403,0.00065,33.047,0.340068,0.741899,-7.964984,0.163519,1.423287,0.044539
152.125,161.469,76.596,0.00382,3e-05,0.00191,0.00226,0.00574,0.05925,0.637,0.03341,0.03794,0.04398,0.10024,0.01211,20.969,0.447456,0.69779,-6.152551,0.17352,2.080121,0.160809
153.046,175.829,68.623,0.00742,5e-05,0.00364,0.00432,0.01092,0.05517,0.542,0.02471,0.03572,0.05767,0.07413,0.0316,17.28,0.665318,0.719467,-3.949079,0.35787,3.10901,0.377429
159.116,168.913,144.811,0.00342,2e-05,0.00178,0.00184,0.00535,0.03381,0.307,0.01806,0.02024,0.02809,0.05417,0.00852,22.663,0.366329,0.693429,-6.41744,0.194627,2.473239,0.151709
157.447,163.267,149.605,0.00369,2e-05,0.00201,0.00197,0.00602,0.03272,0.283,0.01813,0.01909,0.02571,0.05439,0.01018,21.693,0.447285,0.705658,-6.247076,0.180528,2.344348,0.164916
117.963,134.209,100.757,0.01813,0.00015,0.01117,0.00718,0.03351,0.04912,0.438,0.0261,0.02161,0.02916,0.0783,0.10748,19.075,0.630547,0.646786,-3.444478,0.303214,2.964568,0.261305
95.605,107.715,87.549,0.00702,7e-05,0.00428,0.00371,0.01283,0.03156,0.296,0.01792,0.01841,0.0219,0.05377,0.01825,19.659,0.576084,0.778747,-5.132032,0.210458,2.232576,0.260633
116.682,131.111,111.555,0.0105,9e-05,0.00544,0.00781,0.01633,0.05233,0.482,0.02757,0.03858,0.0359,0.0827,0.01309,20.651,0.429895,0.825288,-4.443179,0.311173,2.342259,0.332634
110.739,113.597,100.139,0.00356,3e-05,0.0017,0.002,0.0051,0.01484,0.133,0.00754,0.0095,0.01285,0.02261,0.0043,26.55,0.36909,0.776158,-6.085567,0.192375,1.889002,0.174152
228.832,234.619,223.634,0.00296,1e-05,0.00175,0.00155,0.00526,0.01644,0.145,0.00882,0.01075,0.01179,0.02647,0.00351,25.964,0.25657,0.683296,-7.24562,0.018689,2.498224,0.093534
138.19,203.522,83.34,0.00704,5e-05,0.00406,0.00398,0.01218,0.04479,0.441,0.02587,0.02567,0.0322,0.07761,0.01968,18.305,0.538016,0.74148,-5.418787,0.160267,2.090438,0.229892
113.4,133.344,107.816,0.00451,4e-05,0.00219,0.00283,0.00658,0.04879,0.431,0.02385,0.02973,0.0437,0.07154,0.02278,19.013,0.6479,0.708144,-4.378916,0.300067,2.445502,0.259451
104.4,206.002,77.968,0.00633,6e-05,0.00316,0.00375,0.00948,0.03767,0.381,0.01732,0.02245,0.0378,0.05197,0.02887,22.066,0.522746,0.737948,-5.571843,0.236853,2.846369,0.219514
140.341,159.774,67.021,0.00817,6e-05,0.0043,0.0044,0.01289,0.03198,0.313,0.0183,0.0181,0.02428,0.0549,0.02183,19.56,0.460139,0.720908,-5.409423,0.22685,2.359973,0.226156
198.383,215.203,193.104,0.00212,1e-05,0.00113,0.00135,0.00339,0.01263,0.111,0.0064,0.00825,0.00951,0.01919,0.00119,30.775,0.465946,0.738703,-7.067931,0.175181,1.512275,0.09632
243.439,250.912,232.435,0.0021,9e-06,0.00109,0.00137,0.00327,0.01419,0.126,0.00777,0.00898,0.01033,0.0233,0.00454,25.368,0.438296,0.635285,-7.057869,0.091608,2.330716,0.09147
198.116,233.099,174.478,0.02714,0.00014,0.01568,0.01699,0.04705,0.08684,1.018,0.04284,0.05556,0.08318,0.12851,0.16265,9.449,0.584164,0.754449,-2.839756,0.356224,3.184027,0.454721
151.737,190.204,129.859,0.00314,2e-05,0.00135,0.00162,0.00406,0.01469,0.132,0.00728,0.00886,0.0123,0.02184,0.0057,24.151,0.39661,0.745957,-6.486822,0.197919,2.449763,0.132703
178.285,442.824,82.063,0.00462,3e-05,0.00157,0.00194,0.00472,0.01279,0.129,0.00617,0.00744,0.01151,0.01851,0.00856,25.02,0.470422,0.655239,-4.913137,0.393056,2.816781,0.251972
116.014,141.781,110.655,0.01284,0.00011,0.00655,0.00908,0.01966,0.06425,0.584,0.0349,0.04825,0.04465,0.1047,0.01767,19.649,0.417356,0.823484,-3.747787,0.234513,2.33218,0.410335
208.083,253.792,91.802,0.00757,4e-05,0.00428,0.00428,0.01285,0.06725,0.571,0.04016,0.04003,0.04464,0.12047,0.04238,15.648,0.606344,0.665945,-5.410336,0.288917,2.665133,0.231723
136.358,176.595,65.75,0.00971,7e-05,0.00534,0.00478,0.01601,0.04978,0.483,0.02749,0.02466,0.03736,0.08247,0.03361,18.57,0.543299,0.733232,-5.207985,0.224852,2.642276,0.242981
148.143,155.982,135.041,0.00392,3e-05,0.00204,0.00231,0.00612,0.0145,0.131,0.00725,0.00876,0.01263,0.02175,0.0054,23.683,0.398499,0.778349,-5.711205,0.240875,2.845109,0.19273
176.17,185.604,163.564,0.00369,2e-05,0.00205,0.00218,0.00616,0.01851,0.168,0.00938,0.0116,0.01491,0.02814,0.0034,24.951,0.341435,0.783626,-6.006414,0.196371,2.536527,0.173218
125.641,141.068,116.346,0.03316,0.00026,0.02144,0.01522,0.06433,0.09178,0.891,0.05358,0.04791,0.06196,0.16074,0.31482,8.867,0.671299,0.656846,-3.700544,0.260481,2.991063,0.370961
155.078,163.736,144.148,0.00168,1e-05,0.00068,0.00092,0.00204,0.01064,0.097,0.00522,0.00632,0.00928,0.01567,0.00233,29.746,0.334171,0.67793,-6.981201,0.18455,2.129924,0.106802
116.556,592.03,86.228,0.00496,4e-05,0.00254,0.00263,0.00762,0.0166,0.154,0.0082,0.00972,0.01491,0.0246,0.01397,23.958,0.566424,0.667654,-6.431119,0.15331,2.161936,0.120605
127.93,138.752,112.173,0.00605,5e-05,0.00321,0.00318,0.00962,0.03235,0.339,0.0136,0.0165,0.03105,0.04079,0.02663,19.651,0.654945,0.675865,-5.498456,0.234196,2.103014,0.216638
120.08,139.71,111.208,0.00405,3e-05,0.0018,0.0022,0.0054,0.01706,0.152,0.00974,0.00925,0.01345,0.02921,0.00442,25.742,0.495954,0.762959,-5.79182,0.329066,2.205024,0.18818
166.605,206.008,78.032,0.00742,4e-05,0.00387,0.00453,0.01161,0.0664,0.634,0.0365,0.04282,0.05114,0.10949,0.08725,11.744,0.65341,0.733165,-4.508984,0.389232,3.317586,0.301952
116.342,581.289,94.246,0.00267,2e-05,0.00115,0.00148,0.00345,0.013,0.117,0.00631,0.00789,0.01144,0.01892,0.0068,25.023,0.528485,0.663884,-6.359018,0.116636,2.152083,0.138868
120.552,131.162,113.787,0.00968,8e-05,0.00463,0.0075,0.01388,0.04701,0.456,0.02328,0.03526,0.03243,0.06985,0.01222,21.378,0.415564,0.825069,-4.242867,0.299111,2.18756,0.357775
202.266,211.604,197.079,0.0018,9e-06,0.00093,0.00107,0.00278,0.00954,0.085,0.00469,0.00606,0.00719,0.01407,0.00072,32.684,0.368535,0.742133,-7.695734,0.17854,1.544609,0.056141
122.964,130.049,114.676,0.00428,3e-05,0.00124,0.00155,0.00373,0.01681,0.154,0.0093,0.00802,0.014,0.02789,0.00462,24.971,0.538688,0.754073,-6.482096,0.264967,2.054419,0.128872
129.336,139.867,118.604,0.0049,4e-05,0.00165,0.00183,0.00495,0.02498,0.228,0.01396,0.01219,0.01947,0.04188,0.00484,25.429,0.420383,0.785714,-6.836811,0.269866,2.223719,0.147491
155.358,227.383,80.055,0.0031,2e-05,0.00159,0.00176,0.00476,0.01718,0.161,0.00769,0.01012,0.01661,0.02307,0.00677,25.97,0.470478,0.676258,-7.120925,0.279789,2.241742,0.108514
148.272,164.989,142.299,0.00459,3e-05,0.0025,0.00256,0.0075,0.0419,0.383,0.02383,0.02521,0.03051,0.0715,0.01914,18.78,0.454444,0.734504,-5.952058,0.08784,2.344336,0.186489
202.632,565.74,177.258,0.01627,8e-05,0.00919,0.00963,0.02756,0.0717,0.833,0.03515,0.04265,0.0646,0.10546,0.07889,14.989,0.427627,0.775708,-4.892495,0.262281,2.910213,0.270173
244.99,272.21,239.17,0.00451,2e-05,0.00279,0.00237,0.00837,0.01897,0.181,0.01084,0.01121,0.01255,0.03253,0.01049,21.528,0.522812,0.646818,-7.3045,0.171088,2.095237,0.09622
148.09,162.824,67.343,0.00762,5e-05,0.00467,0.00354,0.014,0.05428,0.497,0.03357,0.02494,0.03635,0.1007,0.02431,21.718,0.487407,0.727313,-6.261141,0.120956,2.137075,0.141958
146.845,208.701,81.737,0.00496,3e-05,0.0025,0.00275,0.00749,0.01919,0.198,0.00883,0.01144,0.01826,0.0265,0.01328,25.119,0.358773,0.726652,-6.27169,0.196102,2.314209,0.162999
202.544,241.35,164.168,0.00254,1e-05,0.001,0.00133,0.00301,0.02662,0.228,0.01475,0.01558,0.02006,0.04426,0.01049,20.68,0.49748,0.630409,-6.132663,0.220617,2.576563,0.159777
