mean_radius,mean_texture,mean_perimeter,mean_area,mean_smoothness,mean_compactness,mean_concavity,mean_concave_points,mean_symmetry,mean_fractal_dimension,radius_error,texture_error,perimeter_error,area_error,smoothness_error,compactness_error,concavity_error,concave_points_error,symmetry_error,fractal_dimension_error,worst_radius,worst_texture,worst_perimeter,worst_area,worst_smoothness,worst_compactness,worst_concavity,worst_concave_points,worst_symmetry,worst_fractal_dimension
13.46,28.21,85.89,562.1,0.07517,0.04726,0.01271,0.01117,0.1421,0.05763,0.1689,1.15,1.4,14.91,0.004942,0.01203,0.007508,0.005179,0.01442,0.001684,14.69,35.63,97.11,680.6,0.1108,0.1457,0.07934,0.05781,0.2694,0.07061
13.3,21.57,85.24,546.1,0.08582,0.06373,0.03344,0.02424,0.1815,0.05696,0.2621,1.539,2.028,20.98,0.005498,0.02045,0.01795,0.006399,0.01829,0.001956,14.2,29.2,92.94,621.2,0.114,0.1667,0.1212,0.05614,0.2637,0.06658
15.22,30.62,103.4,716.9,0.1048,0.2087,0.255,0.09429,0.2128,0.07152,0.2602,1.205,2.362,22.65,0.004625,0.04844,0.07359,0.01608,0.02137,0.006142,17.52,42.79,128.7,915.0,0.1417,0.7917,1.17,0.2356,0.4089,0.1409
13.0,21.82,87.5,519.8,0.1273,0.1932,0.1859,0.09353,0.235,0.07389,0.3063,1.002,2.406,24.32,0.005731,0.03502,0.03553,0.01226,0.02143,0.003749,15.49,30.73,106.2,739.3,0.1703,0.5401,0.539,0.206,0.4378,0.1072
12.86,13.32,82.82,504.8,0.1134,0.08834,0.038,0.034,0.1543,0.06476,0.2212,1.042,1.614,16.57,0.00591,0.02016,0.01902,0.01011,0.01202,0.003107,14.04,21.08,92.8,599.5,0.1547,0.2231,0.1791,0.1155,0.2382,0.08553
12.43,17.0,78.6,477.3,0.07557,0.03454,0.01342,0.01699,0.1472,0.05561,0.3778,2.2,2.487,31.16,0.007357,0.01079,0.009959,0.0112,0.03433,0.002961,12.9,20.21,81.76,515.9,0.08409,0.04712,0.02237,0.02832,0.1901,0.05932
12.27,17.92,78.41,466.1,0.08685,0.06526,0.03211,0.02653,0.1966,0.05597,0.3342,1.781,2.079,25.79,0.005888,0.0231,0.02059,0.01075,0.02578,0.002267,14.1,28.88,89.0,610.2,0.124,0.1795,0.1377,0.09532,0.3455,0.06896
11.75,20.18,76.1,419.8,0.1089,0.1141,0.06843,0.03738,0.1993,0.06453,0.5018,1.693,3.926,38.34,0.009433,0.02405,0.04167,0.01152,0.03397,0.005061,13.32,26.21,88.91,543.9,0.1358,0.1892,0.1956,0.07909,0.3168,0.07987
11.33,14.16,71.79,396.6,0.09379,0.03872,0.001487,0.003333,0.1954,0.05821,0.2375,1.28,1.565,17.09,0.008426,0.008998,0.001487,0.003333,0.02358,0.001627,12.2,18.99,77.37,458.0,0.1259,0.07348,0.004955,0.01111,0.2758,0.06386
15.27,12.91,98.17,725.5,0.08182,0.0623,0.05892,0.03157,0.1359,0.05526,0.2134,0.3628,1.525,20.0,0.004291,0.01236,0.01841,0.007373,0.009539,0.001656,17.38,15.92,113.7,932.7,0.1222,0.2186,0.2962,0.1035,0.232,0.07474
17.2,24.52,114.2,929.4,0.1071,0.183,0.1692,0.07944,0.1927,0.06487,0.5907,1.041,3.705,69.47,0.00582,0.05616,0.04252,0.01127,0.01527,0.006299,23.32,33.82,151.6,1681.0,0.1585,0.7394,0.6566,0.1899,0.3313,0.1339
11.93,21.53,76.53,438.6,0.09768,0.07849,0.03328,0.02008,0.1688,0.06194,0.3118,0.9227,2.0,24.79,0.007803,0.02507,0.01835,0.007711,0.01278,0.003856,13.67,26.15,87.54,583.0,0.15,0.2399,0.1503,0.07247,0.2438,0.08541
13.47,14.06,87.32,546.3,0.1071,0.1155,0.05786,0.05266,0.1779,0.06639,0.1588,0.5733,1.102,12.84,0.00445,0.01452,0.01334,0.008791,0.01698,0.002787,14.83,18.32,94.94,660.2,0.1393,0.2499,0.1848,0.1335,0.3227,0.09326
14.4,26.99,92.25,646.1,0.06995,0.05223,0.03476,0.01737,0.1707,0.05433,0.2315,0.9112,1.727,20.52,0.005356,0.01679,0.01971,0.00637,0.01414,0.001892,15.4,31.98,100.4,734.6,0.1017,0.146,0.1472,0.05563,0.2345,0.06464
10.65,25.22,68.01,347.0,0.09657,0.07234,0.02379,0.01615,0.1897,0.06329,0.2497,1.493,1.497,16.64,0.007189,0.01035,0.01081,0.006245,0.02158,0.002619,12.25,35.19,77.98,455.7,0.1499,0.1398,0.1125,0.06136,0.3409,0.08147
14.95,17.57,96.85,678.1,0.1167,0.1305,0.1539,0.08624,0.1957,0.06216,1.296,1.452,8.419,101.9,0.01,0.0348,0.06577,0.02801,0.05168,0.002887,18.55,21.43,121.4,971.4,0.1411,0.2164,0.3355,0.1667,0.3414,0.07147
11.06,14.96,71.49,373.9,0.1033,0.09097,0.05397,0.03341,0.1776,0.06907,0.1601,0.8225,1.355,10.8,0.007416,0.01877,0.02758,0.0101,0.02348,0.002917,11.92,19.9,79.76,440.0,0.1418,0.221,0.2299,0.1075,0.3301,0.0908
21.75,20.99,147.3,1491.0,0.09401,0.1961,0.2195,0.1088,0.1721,0.06194,1.167,1.352,8.867,156.8,0.005687,0.0496,0.06329,0.01561,0.01924,0.004614,28.19,28.18,195.9,2384.0,0.1272,0.4725,0.5807,0.1841,0.2833,0.08858
9.405,21.7,59.6,271.2,0.1044,0.06159,0.02047,0.01257,0.2025,0.06601,0.4302,2.878,2.759,25.17,0.01474,0.01674,0.01367,0.008674,0.03044,0.00459,10.85,31.24,68.73,359.4,0.1526,0.1193,0.06141,0.0377,0.2872,0.08304
13.2,17.43,84.13,541.6,0.07215,0.04524,0.04336,0.01105,0.1487,0.05635,0.163,1.601,0.873,13.56,0.006261,0.01569,0.03079,0.005383,0.01962,0.00225,13.94,27.82,88.28,602.0,0.1101,0.1508,0.2298,0.0497,0.2767,0.07198
8.196,16.84,51.71,201.9,0.086,0.05943,0.01588,0.005917,0.1769,0.06503,0.1563,0.9567,1.094,8.205,0.008968,0.01646,0.01588,0.005917,0.02574,0.002582,8.964,21.96,57.26,242.2,0.1297,0.1357,0.0688,0.02564,0.3105,0.07409
11.74,14.69,76.31,426.0,0.08099,0.09661,0.06726,0.02639,0.1499,0.06758,0.1924,0.6417,1.345,13.04,0.006982,0.03916,0.04017,0.01528,0.0226,0.006822,12.45,17.6,81.25,473.8,0.1073,0.2793,0.269,0.1056,0.2604,0.09879
12.94,16.17,83.18,507.6,0.09879,0.08836,0.03296,0.0239,0.1735,0.062,0.1458,0.905,0.9975,11.36,0.002887,0.01285,0.01613,0.007308,0.0187,0.001972,13.86,23.02,89.69,580.9,0.1172,0.1958,0.181,0.08388,0.3297,0.07834
14.74,25.42,94.7,668.6,0.08275,0.07214,0.04105,0.03027,0.184,0.0568,0.3031,1.385,2.177,27.41,0.004775,0.01172,0.01947,0.01269,0.0187,0.002626,16.51,32.29,107.4,826.4,0.106,0.1376,0.1611,0.1095,0.2722,0.06956
14.27,22.55,93.77,629.8,0.1038,0.1154,0.1463,0.06139,0.1926,0.05982,0.2027,1.851,1.895,18.54,0.006113,0.02583,0.04645,0.01276,0.01451,0.003756,15.29,34.27,104.3,728.3,0.138,0.2733,0.4234,0.1362,0.2698,0.08351
12.36,18.54,79.01,466.7,0.08477,0.06815,0.02643,0.01921,0.1602,0.06066,0.1199,0.8944,0.8484,9.227,0.003457,0.01047,0.01167,0.005558,0.01251,0.001356,13.29,27.49,85.56,544.1,0.1184,0.1963,0.1937,0.08442,0.2983,0.07185
12.98,19.35,84.52,514.0,0.09579,0.1125,0.07107,0.0295,0.1761,0.0654,0.2684,0.5664,2.465,20.65,0.005727,0.03255,0.04393,0.009811,0.02751,0.004572,14.42,21.95,99.21,634.3,0.1288,0.3253,0.3439,0.09858,0.3596,0.09166
10.82,24.21,68.89,361.6,0.08192,0.06602,0.01548,0.00816,0.1976,0.06328,0.5196,1.918,3.564,33.0,0.008263,0.0187,0.01277,0.005917,0.02466,0.002977,13.03,31.45,83.9,505.6,0.1204,0.1633,0.06194,0.03264,0.3059,0.07626
20.48,21.46,132.5,1306.0,0.08355,0.08348,0.09042,0.06022,0.1467,0.05177,0.6874,1.041,5.144,83.5,0.007959,0.03133,0.04257,0.01671,0.01341,0.003933,24.22,26.17,161.7,1750.0,0.1228,0.2311,0.3158,0.1445,0.2238,0.07127
8.219,20.7,53.27,203.9,0.09405,0.1305,0.1321,0.02168,0.2222,0.08261,0.1935,1.962,1.243,10.21,0.01243,0.05416,0.07753,0.01022,0.02309,0.01178,9.092,29.72,58.08,249.8,0.163,0.431,0.5381,0.07879,0.3322,0.1486
20.73,31.12,135.7,1419.0,0.09469,0.1143,0.1367,0.08646,0.1769,0.05674,1.172,1.617,7.749,199.7,0.004551,0.01478,0.02143,0.00928,0.01367,0.002299,32.49,47.16,214.0,3432.0,0.1401,0.2644,0.3442,0.1659,0.2868,0.08218
13.87,16.21,88.52,593.7,0.08743,0.05492,0.01502,0.02088,0.1424,0.05883,0.2543,1.363,1.737,20.74,0.005638,0.007939,0.005254,0.006042,0.01544,0.002087,15.11,25.58,96.74,694.4,0.1153,0.1008,0.05285,0.05556,0.2362,0.07113
12.16,18.03,78.29,455.3,0.09087,0.07838,0.02916,0.01527,0.1464,0.06284,0.2194,1.19,1.678,16.26,0.004911,0.01666,0.01397,0.005161,0.01454,0.001858,13.34,27.87,88.83,547.4,0.1208,0.2279,0.162,0.0569,0.2406,0.07729
13.0,20.78,83.51,519.4,0.1135,0.07589,0.03136,0.02645,0.254,0.06087,0.4202,1.322,2.873,34.78,0.007017,0.01142,0.01949,0.01153,0.02951,0.001533,14.16,24.11,90.82,616.7,0.1297,0.1105,0.08112,0.06296,0.3196,0.06435
9.72,18.22,60.73,288.1,0.0695,0.02344,0.0,0.0,0.1653,0.06447,0.3539,4.885,2.23,21.69,0.001713,0.006736,0.0,0.0,0.03799,0.001688,9.968,20.83,62.25,303.8,0.07117,0.02729,0.0,0.0,0.1909,0.06559
12.76,13.37,82.29,504.1,0.08794,0.07948,0.04052,0.02548,0.1601,0.0614,0.3265,0.6594,2.346,25.18,0.006494,0.02768,0.03137,0.01069,0.01731,0.004392,14.19,16.4,92.04,618.8,0.1194,0.2208,0.1769,0.08411,0.2564,0.08253
11.49,14.59,73.99,404.9,0.1046,0.08228,0.05308,0.01969,0.1779,0.06574,0.2034,1.166,1.567,14.34,0.004957,0.02114,0.04156,0.008038,0.01843,0.003614,12.4,21.9,82.04,467.6,0.1352,0.201,0.2596,0.07431,0.2941,0.0918
11.66,17.07,73.7,421.0,0.07561,0.0363,0.008306,0.01162,0.1671,0.05731,0.3534,0.6724,2.225,26.03,0.006583,0.006991,0.005949,0.006296,0.02216,0.002668,13.28,19.74,83.61,542.5,0.09958,0.06476,0.03046,0.04262,0.2731,0.06825
13.81,23.75,91.56,597.8,0.1323,0.1768,0.1558,0.09176,0.2251,0.07421,0.5648,1.93,3.909,52.72,0.008824,0.03108,0.03112,0.01291,0.01998,0.004506,19.2,41.85,128.5,1153.0,0.2226,0.5209,0.4646,0.2013,0.4432,0.1086
13.28,13.72,85.79,541.8,0.08363,0.08575,0.05077,0.02864,0.1617,0.05594,0.1833,0.5308,1.592,15.26,0.004271,0.02073,0.02828,0.008468,0.01461,0.002613,14.24,17.37,96.59,623.7,0.1166,0.2685,0.2866,0.09173,0.2736,0.0732
12.25,22.44,78.18,466.5,0.08192,0.052,0.01714,0.01261,0.1544,0.05976,0.2239,1.139,1.577,18.04,0.005096,0.01205,0.00941,0.004551,0.01608,0.002399,14.17,31.99,92.74,622.9,0.1256,0.1804,0.123,0.06335,0.31,0.08203
11.46,18.16,73.59,403.1,0.08853,0.07694,0.03344,0.01502,0.1411,0.06243,0.3278,1.059,2.475,22.93,0.006652,0.02652,0.02221,0.007807,0.01894,0.003411,12.68,21.61,82.69,489.8,0.1144,0.1789,0.1226,0.05509,0.2208,0.07638
16.5,18.29,106.6,838.1,0.09686,0.08468,0.05862,0.04835,0.1495,0.05593,0.3389,1.439,2.344,33.58,0.007257,0.01805,0.01832,0.01033,0.01694,0.002001,18.13,25.45,117.2,1009.0,0.1338,0.1679,0.1663,0.09123,0.2394,0.06469
10.44,15.46,66.62,329.6,0.1053,0.07722,0.006643,0.01216,0.1788,0.0645,0.1913,0.9027,1.208,11.86,0.006513,0.008061,0.002817,0.004972,0.01502,0.002821,11.52,19.8,73.47,395.4,0.1341,0.1153,0.02639,0.04464,0.2615,0.08269
11.06,14.83,70.31,378.2,0.07741,0.04768,0.02712,0.007246,0.1535,0.06214,0.1855,0.6881,1.263,12.98,0.004259,0.01469,0.0194,0.004168,0.01191,0.003537,12.68,20.35,80.79,496.7,0.112,0.1879,0.2079,0.05556,0.259,0.09158
15.3,25.27,102.4,732.4,0.1082,0.1697,0.1683,0.08751,0.1926,0.0654,0.439,1.012,3.498,43.5,0.005233,0.03057,0.03576,0.01083,0.01768,0.002967,20.27,36.71,149.3,1269.0,0.1641,0.611,0.6335,0.2024,0.4027,0.09876
12.27,29.97,77.42,465.4,0.07699,0.03398,0.0,0.0,0.1701,0.0596,0.4455,3.647,2.884,35.13,0.007339,0.008243,0.0,0.0,0.03141,0.003136,13.45,38.05,85.08,558.9,0.09422,0.05213,0.0,0.0,0.2409,0.06743
13.51,18.89,88.1,558.1,0.1059,0.1147,0.0858,0.05381,0.1806,0.06079,0.2136,1.332,1.513,19.29,0.005442,0.01957,0.03304,0.01367,0.01315,0.002464,14.8,27.2,97.33,675.2,0.1428,0.257,0.3438,0.1453,0.2666,0.07686
14.99,25.2,95.54,698.8,0.09387,0.05131,0.02398,0.02899,0.1565,0.05504,1.214,2.188,8.077,106.0,0.006883,0.01094,0.01818,0.01917,0.007882,0.001754,14.99,25.2,95.54,698.8,0.09387,0.05131,0.02398,0.02899,0.1565,0.05504
11.45,20.97,73.81,401.5,0.1102,0.09362,0.04591,0.02233,0.1842,0.07005,0.3251,2.174,2.077,24.62,0.01037,0.01706,0.02586,0.007506,0.01816,0.003976,13.11,32.16,84.53,525.1,0.1557,0.1676,0.1755,0.06127,0.2762,0.08851
20.34,21.51,135.9,1264.0,0.117,0.1875,0.2565,0.1504,0.2569,0.0667,0.5702,1.023,4.012,69.06,0.005485,0.02431,0.0319,0.01369,0.02768,0.003345,25.3,31.86,171.1,1938.0,0.1592,0.4492,0.5344,0.2685,0.5558,0.1024
20.64,17.35,134.8,1335.0,0.09446,0.1076,0.1527,0.08941,0.1571,0.05478,0.6137,0.6575,4.119,77.02,0.006211,0.01895,0.02681,0.01232,0.01276,0.001711,25.37,23.17,166.8,1946.0,0.1562,0.3055,0.4159,0.2112,0.2689,0.07055
21.09,26.57,142.7,1311.0,0.1141,0.2832,0.2487,0.1496,0.2395,0.07398,0.6298,0.7629,4.414,81.46,0.004253,0.04759,0.03872,0.01567,0.01798,0.005295,26.68,33.48,176.5,2089.0,0.1491,0.7584,0.678,0.2903,0.4098,0.1284
14.45,20.22,94.49,642.7,0.09872,0.1206,0.118,0.0598,0.195,0.06466,0.2092,0.6509,1.446,19.42,0.004044,0.01597,0.02,0.007303,0.01522,0.001976,18.33,30.12,117.9,1044.0,0.1552,0.4056,0.4967,0.1838,0.4753,0.1013
16.13,20.68,108.1,798.8,0.117,0.2022,0.1722,0.1028,0.2164,0.07356,0.5692,1.073,3.854,54.18,0.007026,0.02501,0.03188,0.01297,0.01689,0.004142,20.96,31.48,136.8,1315.0,0.1789,0.4233,0.4784,0.2073,0.3706,0.1142
20.55,20.86,137.8,1308.0,0.1046,0.1739,0.2085,0.1322,0.2127,0.06251,0.6986,0.9901,4.706,87.78,0.004578,0.02616,0.04005,0.01421,0.01948,0.002689,24.3,25.48,160.2,1809.0,0.1268,0.3135,0.4433,0.2148,0.3077,0.07569
27.22,21.87,182.1,2250.0,0.1094,0.1914,0.2871,0.1878,0.18,0.0577,0.8361,1.481,5.82,128.7,0.004631,0.02537,0.03109,0.01241,0.01575,0.002747,33.12,32.85,220.8,3216.0,0.1472,0.4034,0.534,0.2688,0.2856,0.08082
16.14,14.86,104.3,800.0,0.09495,0.08501,0.055,0.04528,0.1735,0.05875,0.2387,0.6372,1.729,21.83,0.003958,0.01246,0.01831,0.008747,0.015,0.001621,17.71,19.58,115.9,947.9,0.1206,0.1722,0.231,0.1129,0.2778,0.07012
14.62,24.02,94.57,662.7,0.08974,0.08606,0.03102,0.02957,0.1685,0.05866,0.3721,1.111,2.279,33.76,0.004868,0.01818,0.01121,0.008606,0.02085,0.002893,16.11,29.11,102.9,803.7,0.1115,0.1766,0.09189,0.06946,0.2522,0.07246
8.618,11.79,54.34,224.5,0.09752,0.05272,0.02061,0.007799,0.1683,0.07187,0.1559,0.5796,1.046,8.322,0.01011,0.01055,0.01981,0.005742,0.0209,0.002788,9.507,15.4,59.9,274.9,0.1733,0.1239,0.1168,0.04419,0.322,0.09026
20.57,17.77,132.9,1326.0,0.08474,0.07864,0.0869,0.07017,0.1812,0.05667,0.5435,0.7339,3.398,74.08,0.005225,0.01308,0.0186,0.0134,0.01389,0.003532,24.99,23.41,158.8,1956.0,0.1238,0.1866,0.2416,0.186,0.275,0.08902
16.02,23.24,102.7,797.8,0.08206,0.06669,0.03299,0.03323,0.1528,0.05697,0.3795,1.187,2.466,40.51,0.004029,0.009269,0.01101,0.007591,0.0146,0.003042,19.19,33.88,123.8,1150.0,0.1181,0.1551,0.1459,0.09975,0.2948,0.08452
12.49,16.85,79.19,481.6,0.08511,0.03834,0.004473,0.006423,0.1215,0.05673,0.1716,0.7151,1.047,12.69,0.004928,0.003012,0.00262,0.00339,0.01393,0.001344,13.34,19.71,84.48,544.2,0.1104,0.04953,0.01938,0.02784,0.1917,0.06174
21.1,20.52,138.1,1384.0,0.09684,0.1175,0.1572,0.1155,0.1554,0.05661,0.6643,1.361,4.542,81.89,0.005467,0.02075,0.03185,0.01466,0.01029,0.002205,25.68,32.07,168.2,2022.0,0.1368,0.3101,0.4399,0.228,0.2268,0.07425
25.22,24.91,171.5,1878.0,0.1063,0.2665,0.3339,0.1845,0.1829,0.06782,0.8973,1.474,7.382,120.0,0.008166,0.05693,0.0573,0.0203,0.01065,0.005893,30.0,33.62,211.7,2562.0,0.1573,0.6076,0.6476,0.2867,0.2355,0.1051
13.86,16.93,90.96,578.9,0.1026,0.1517,0.09901,0.05602,0.2106,0.06916,0.2563,1.194,1.933,22.69,0.00596,0.03438,0.03909,0.01435,0.01939,0.00456,15.75,26.93,104.4,750.1,0.146,0.437,0.4636,0.1654,0.363,0.1059
17.75,28.03,117.3,981.6,0.09997,0.1314,0.1698,0.08293,0.1713,0.05916,0.3897,1.077,2.873,43.95,0.004714,0.02015,0.03697,0.0111,0.01237,0.002556,21.53,38.54,145.4,1437.0,0.1401,0.3762,0.6399,0.197,0.2972,0.09075
10.66,15.15,67.49,349.6,0.08792,0.04302,0.0,0.0,0.1928,0.05975,0.3309,1.925,2.155,21.98,0.008713,0.01017,0.0,0.0,0.03265,0.001002,11.54,19.2,73.2,408.3,0.1076,0.06791,0.0,0.0,0.271,0.06164
18.03,16.85,117.5,990.0,0.08947,0.1232,0.109,0.06254,0.172,0.0578,0.2986,0.5906,1.921,35.77,0.004117,0.0156,0.02975,0.009753,0.01295,0.002436,20.38,22.02,133.3,1292.0,0.1263,0.2666,0.429,0.1535,0.2842,0.08225
19.27,26.47,127.9,1162.0,0.09401,0.1719,0.1657,0.07593,0.1853,0.06261,0.5558,0.6062,3.528,68.17,0.005015,0.03318,0.03497,0.009643,0.01543,0.003896,24.15,30.9,161.4,1813.0,0.1509,0.659,0.6091,0.1785,0.3672,0.1123
11.61,16.02,75.46,408.2,0.1088,0.1168,0.07097,0.04497,0.1886,0.0632,0.2456,0.7339,1.667,15.89,0.005884,0.02005,0.02631,0.01304,0.01848,0.001982,12.64,19.67,81.93,475.7,0.1415,0.217,0.2302,0.1105,0.2787,0.07427
14.22,27.85,92.55,623.9,0.08223,0.1039,0.1103,0.04408,0.1342,0.06129,0.3354,2.324,2.105,29.96,0.006307,0.02845,0.0385,0.01011,0.01185,0.003589,15.75,40.54,102.5,764.0,0.1081,0.2426,0.3064,0.08219,0.189,0.07796
11.68,16.17,75.49,420.5,0.1128,0.09263,0.04279,0.03132,0.1853,0.06401,0.3713,1.154,2.554,27.57,0.008998,0.01292,0.01851,0.01167,0.02152,0.003213,13.32,21.59,86.57,549.8,0.1526,0.1477,0.149,0.09815,0.2804,0.08024
13.82,24.49,92.33,595.9,0.1162,0.1681,0.1357,0.06759,0.2275,0.07237,0.4751,1.528,2.974,39.05,0.00968,0.03856,0.03476,0.01616,0.02434,0.006995,16.01,32.94,106.0,788.0,0.1794,0.3966,0.3381,0.1521,0.3651,0.1183
11.84,18.7,77.93,440.6,0.1109,0.1516,0.1218,0.05182,0.2301,0.07799,0.4825,1.03,3.475,41.0,0.005551,0.03414,0.04205,0.01044,0.02273,0.005667,16.82,28.12,119.4,888.7,0.1637,0.5775,0.6956,0.1546,0.4761,0.1402
14.87,20.21,96.12,680.9,0.09587,0.08345,0.06824,0.04951,0.1487,0.05748,0.2323,1.636,1.596,21.84,0.005415,0.01371,0.02153,0.01183,0.01959,0.001812,16.01,28.48,103.9,783.6,0.1216,0.1388,0.17,0.1017,0.2369,0.06599
12.03,17.93,76.09,446.0,0.07683,0.03892,0.001546,0.005592,0.1382,0.0607,0.2335,0.9097,1.466,16.97,0.004729,0.006887,0.001184,0.003951,0.01466,0.001755,13.07,22.25,82.74,523.4,0.1013,0.0739,0.007732,0.02796,0.2171,0.07037
9.0,14.4,56.36,246.3,0.07005,0.03116,0.003681,0.003472,0.1788,0.06833,0.1746,1.305,1.144,9.789,0.007389,0.004883,0.003681,0.003472,0.02701,0.002153,9.699,20.07,60.9,285.5,0.09861,0.05232,0.01472,0.01389,0.2991,0.07804
13.27,14.76,84.74,551.7,0.07355,0.05055,0.03261,0.02648,0.1386,0.05318,0.4057,1.153,2.701,36.35,0.004481,0.01038,0.01358,0.01082,0.01069,0.001435,16.36,22.35,104.5,830.6,0.1006,0.1238,0.135,0.1001,0.2027,0.06206
20.58,22.14,134.7,1290.0,0.0909,0.1348,0.164,0.09561,0.1765,0.05024,0.8601,1.48,7.029,111.7,0.008124,0.03611,0.05489,0.02765,0.03176,0.002365,23.24,27.84,158.3,1656.0,0.1178,0.292,0.3861,0.192,0.2909,0.05865
8.734,16.84,55.27,234.3,0.1039,0.07428,0.0,0.0,0.1985,0.07098,0.5169,2.079,3.167,28.85,0.01582,0.01966,0.0,0.0,0.01865,0.006736,10.17,22.8,64.01,317.0,0.146,0.131,0.0,0.0,0.2445,0.08865
14.71,21.59,95.55,656.9,0.1137,0.1365,0.1293,0.08123,0.2027,0.06758,0.4226,1.15,2.735,40.09,0.003659,0.02855,0.02572,0.01272,0.01817,0.004108,17.87,30.7,115.7,985.5,0.1368,0.429,0.3587,0.1834,0.3698,0.1094
11.8,16.58,78.99,432.0,0.1091,0.17,0.1659,0.07415,0.2678,0.07371,0.3197,1.426,2.281,24.72,0.005427,0.03633,0.04649,0.01843,0.05628,0.004635,13.74,26.38,91.93,591.7,0.1385,0.4092,0.4504,0.1865,0.5774,0.103
17.29,22.13,114.4,947.8,0.08999,0.1273,0.09697,0.07507,0.2108,0.05464,0.8348,1.633,6.146,90.94,0.006717,0.05981,0.04638,0.02149,0.02747,0.005838,20.39,27.24,137.9,1295.0,0.1134,0.2867,0.2298,0.1528,0.3067,0.07484
9.904,18.06,64.6,302.4,0.09699,0.1294,0.1307,0.03716,0.1669,0.08116,0.4311,2.261,3.132,27.48,0.01286,0.08808,0.1197,0.0246,0.0388,0.01792,11.26,24.39,73.07,390.2,0.1301,0.295,0.3486,0.0991,0.2614,0.1162
13.49,22.3,86.91,561.0,0.08752,0.07698,0.04751,0.03384,0.1809,0.05718,0.2338,1.353,1.735,20.2,0.004455,0.01382,0.02095,0.01184,0.01641,0.001956,15.15,31.82,99.0,698.8,0.1162,0.1711,0.2282,0.1282,0.2871,0.06917
13.03,18.42,82.61,523.8,0.08983,0.03766,0.02562,0.02923,0.1467,0.05863,0.1839,2.342,1.17,14.16,0.004352,0.004899,0.01343,0.01164,0.02671,0.001777,13.3,22.81,84.46,545.9,0.09701,0.04619,0.04833,0.05013,0.1987,0.06169
11.3,18.19,73.93,389.4,0.09592,0.1325,0.1548,0.02854,0.2054,0.07669,0.2428,1.642,2.369,16.39,0.006663,0.05914,0.0888,0.01314,0.01995,0.008675,12.58,27.96,87.16,472.9,0.1347,0.4848,0.7436,0.1218,0.3308,0.1297
11.37,18.89,72.17,396.0,0.08713,0.05008,0.02399,0.02173,0.2013,0.05955,0.2656,1.974,1.954,17.49,0.006538,0.01395,0.01376,0.009924,0.03416,0.002928,12.36,26.14,79.29,459.3,0.1118,0.09708,0.07529,0.06203,0.3267,0.06994
10.51,20.19,68.64,334.2,0.1122,0.1303,0.06476,0.03068,0.1922,0.07782,0.3336,1.86,2.041,19.91,0.01188,0.03747,0.04591,0.01544,0.02287,0.006792,11.16,22.75,72.62,374.4,0.13,0.2049,0.1295,0.06136,0.2383,0.09026
10.48,14.98,67.49,333.6,0.09816,0.1013,0.06335,0.02218,0.1925,0.06915,0.3276,1.127,2.564,20.77,0.007364,0.03867,0.05263,0.01264,0.02161,0.00483,12.13,21.57,81.41,440.4,0.1327,0.2996,0.2939,0.0931,0.302,0.09646
27.42,26.27,186.9,2501.0,0.1084,0.1988,0.3635,0.1689,0.2061,0.05623,2.547,1.306,18.65,542.2,0.00765,0.05374,0.08055,0.02598,0.01697,0.004558,36.04,31.37,251.2,4254.0,0.1357,0.4256,0.6833,0.2625,0.2641,0.07427
11.94,20.76,77.87,441.0,0.08605,0.1011,0.06574,0.03791,0.1588,0.06766,0.2742,1.39,3.198,21.91,0.006719,0.05156,0.04387,0.01633,0.01872,0.008015,13.24,27.29,92.2,546.1,0.1116,0.2813,0.2365,0.1155,0.2465,0.09981
12.62,23.97,81.35,496.4,0.07903,0.07529,0.05438,0.02036,0.1514,0.06019,0.2449,1.066,1.445,18.51,0.005169,0.02294,0.03016,0.008691,0.01365,0.003407,14.2,31.31,90.67,624.0,0.1227,0.3454,0.3911,0.118,0.2826,0.09585
12.36,21.8,79.78,466.1,0.08772,0.09445,0.06015,0.03745,0.193,0.06404,0.2978,1.502,2.203,20.95,0.007112,0.02493,0.02703,0.01293,0.01958,0.004463,13.83,30.5,91.46,574.7,0.1304,0.2463,0.2434,0.1205,0.2972,0.09261
12.8,17.46,83.05,508.3,0.08044,0.08895,0.0739,0.04083,0.1574,0.0575,0.3639,1.265,2.668,30.57,0.005421,0.03477,0.04545,0.01384,0.01869,0.004067,13.74,21.06,90.72,591.0,0.09534,0.1812,0.1901,0.08296,0.1988,0.07053
12.45,16.41,82.85,476.7,0.09514,0.1511,0.1544,0.04846,0.2082,0.07325,0.3921,1.207,5.004,30.19,0.007234,0.07471,0.1114,0.02721,0.03232,0.009627,13.78,21.03,97.82,580.6,0.1175,0.4061,0.4896,0.1342,0.3231,0.1034
13.27,17.02,84.55,546.4,0.08445,0.04994,0.03554,0.02456,0.1496,0.05674,0.2927,0.8907,2.044,24.68,0.006032,0.01104,0.02259,0.009057,0.01482,0.002496,15.14,23.6,98.84,708.8,0.1276,0.1311,0.1786,0.09678,0.2506,0.07623
14.54,27.54,96.73,658.8,0.1139,0.1595,0.1639,0.07364,0.2303,0.07077,0.37,1.033,2.879,32.55,0.005607,0.0424,0.04741,0.0109,0.01857,0.005466,17.46,37.13,124.1,943.2,0.1678,0.6577,0.7026,0.1712,0.4218,0.1341
11.26,19.96,73.72,394.1,0.0802,0.1181,0.09274,0.05588,0.2595,0.06233,0.4866,1.905,2.877,34.68,0.01574,0.08262,0.08099,0.03487,0.03418,0.006517,11.86,22.33,78.27,437.6,0.1028,0.1843,0.1546,0.09314,0.2955,0.07009
